"","Order","Family","Genus","Body_size_mm","Reproductive_output_y","Offspring_size_min_mm","Offspring_size_max_mm","Habitat","Diel","Breeding"
"2","Anura","Alytidae","Alytes"," 50.0000"," 4.00"," 2.60"," 3.50","Arb","Noc","Lar"
"5","Anura","Alytidae","Alytes"," 40.0000"," 1.00"," 5.40"," 7.00","Arb","Noc","Lar"
"6","Anura","Alytidae","Alytes"," 55.0000"," 4.00"," 2.60"," 5.00","Arb","Crepu","Lar"
"7","Anura","Alytidae","Discoglossus"," 80.0000"," 6.00"," 1.50"," 2.00","Aqu","Noc","Lar"
"9","Anura","Alytidae","Discoglossus"," 65.0000"," 1.00"," 1.50"," 1.50","Aqu","Noc","Lar"
"11","Anura","Alytidae","Discoglossus"," 80.0000"," 1.00"," 1.00"," 1.50","Aqu","Noc","Lar"
"12","Anura","Alytidae","Discoglossus"," 70.0000"," 1.00"," 1.00"," 1.50","Aqu","Noc","Lar"
"25","Anura","Aromobatidae","Allobates"," 36.0000","12.00"," 1.50"," 2.10","Aqu","Crepu","Lar"
"37","Anura","Aromobatidae","Allobates"," 18.0000"," 1.00"," 1.50"," 2.00","Arb","Noc","Lar"
"44","Anura","Aromobatidae","Allobates"," 19.0000"," 3.00"," 1.50"," 1.50","Ter","Diu","Lar"
"103","Anura","Aromobatidae","Mannophryne"," 30.8000"," 1.00"," 1.80"," 2.20","Aqu","Diu","Lar"
"148","Anura","Arthroleptina","Arthroleptis"," 45.0000"," 1.00"," 2.00"," 2.00","Aqu","Diu","Dir"
"159","Anura","Arthroleptina","Arthroleptis"," 23.8000"," 1.00"," 4.00"," 4.00","Aqu","Noc","Dir"
"217","Anura","Arthroleptina","Leptopelis"," 41.0000"," 1.00"," 3.40"," 3.40","Aqu","Noc","Lar"
"249","Anura","Arthroleptina","Leptopelis"," 52.0000"," 1.00"," 4.00"," 4.00","Arb","Noc","Lar"
"254","Anura","Arthroleptina","Leptopelis"," 50.0000"," 1.00"," 2.50"," 2.50","Aqu","Noc","Lar"
"260","Anura","Bombinatorina","Bombina"," 50.0000"," 1.00"," 1.20"," 1.80","Aqu","Diu","Lar"
"264","Anura","Bombinatorina","Bombina"," 45.7500"," 1.00"," 1.20"," 1.20","Aqu","Diu","Lar"
"265","Anura","Bombinatorina","Bombina"," 50.0000"," 1.00"," 2.00"," 2.00","Aqu","Diu","Lar"
"271","Anura","Brachycephalidae","Brachycephalus"," 19.7000"," 1.00"," 5.10"," 5.30","Aqu","Diu","Dir"
"290","Anura","Brachycephalidae","Ischnocnema"," 40.0000"," 1.00"," 2.70"," 2.70","Ter","Crepu","Dir"
"295","Anura","Brachycephalidae","Ischnocnema"," 26.2600"," 1.00"," 2.40"," 2.40","Ter","Crepu","Dir"
"304","Anura","Brachycephalidae","Ischnocnema"," 25.5000"," 1.00"," 3.70"," 4.30","Ter","Crepu","Dir"
"317","Anura","Brevicipitidae","Balebreviceps"," 53.0000"," 1.00"," 4.00"," 4.00","Aqu","Diu","Dir"
"319","Anura","Brevicipitidae","Breviceps"," 60.0000"," 1.00"," 4.50"," 4.50","Aqu","Noc","Dir"
"348","Anura","Bufonidae","Bufo"," 95.0000"," 1.00"," 2.00"," 2.00","Aqu","Noc","Lar"
"353","Anura","Bufonidae","Altiphrynoides"," 31.5000"," 1.00"," 2.70"," 3.00","Arb","Diu","Lar"
"366","Anura","Bufonidae","Amietophrynus","115.0000"," 1.00"," 1.20"," 1.20","Ter","Noc","Lar"
"368","Anura","Bufonidae","Amietophrynus","120.0000"," 1.00"," 1.50"," 1.50","Ter","Noc","Lar"
"375","Anura","Bufonidae","Amietophrynus"," 85.0000"," 1.00"," 1.30"," 1.50","Aqu","Noc","Lar"
"385","Anura","Bufonidae","Amietophrynus","120.0000"," 1.00"," 1.95"," 1.95","Ter","Noc","Lar"
"393","Anura","Bufonidae","Amietophrynus"," 97.0000"," 1.00"," 1.00"," 1.00","Aqu","Noc","Lar"
"394","Anura","Bufonidae","Anaxyrus","111.0000"," 1.00"," 1.00"," 2.00","Ter","Noc","Lar"
"396","Anura","Bufonidae","Anaxyrus","125.0000"," 1.00"," 1.70"," 1.75","Ter","Crepu","Lar"
"397","Anura","Bufonidae","Anaxyrus"," 81.0000"," 1.00"," 1.40"," 1.70","Ter","Crepu","Lar"
"398","Anura","Bufonidae","Anaxyrus"," 69.0000"," 1.00"," 2.10"," 2.10","Ter","Crepu","Lar"
"399","Anura","Bufonidae","Anaxyrus","114.0000"," 1.00"," 1.10"," 1.20","Ter","Diu","Lar"
"404","Anura","Bufonidae","Anaxyrus"," 83.0000"," 1.00"," 1.00"," 1.00","Aqu","Noc","Lar"
"405","Anura","Bufonidae","Anaxyrus"," 79.0000"," 1.00"," 1.90"," 1.90","Ter","Noc","Lar"
"454","Anura","Bufonidae","Atelopus"," 54.1000"," 1.00"," 1.50"," 1.50","Aqu","Diu","Lar"
"457","Anura","Bufonidae","Atelopus"," 58.0000"," 1.00"," 2.00"," 2.10","Aqu","Diu","Lar"
"462","Anura","Bufonidae","Atelopus"," 50.0000"," 1.00"," 1.60"," 1.60","Aqu","Diu","Lar"
"465","Anura","Bufonidae","Atelopus"," 35.7000"," 1.00"," 0.80"," 0.80","Aqu","Diu","Lar"
"473","Anura","Bufonidae","Atelopus"," 40.0000"," 1.00"," 1.70"," 1.70","Aqu","Diu","Lar"
"482","Anura","Bufonidae","Atelopus"," 48.2000"," 1.00"," 1.30"," 1.30","Aqu","Diu","Lar"
"496","Anura","Bufonidae","Atelopus"," 42.4000"," 1.00"," 1.00"," 1.00","Aqu","Diu","Lar"
"524","Anura","Bufonidae","Atelopus"," 33.3000"," 1.00"," 1.00"," 1.00","Aqu","Diu","Lar"
"529","Anura","Bufonidae","Atelopus"," 39.2000"," 1.00"," 2.00"," 2.00","Aqu","Diu","Lar"
"531","Anura","Bufonidae","Atelopus"," 39.0000"," 1.00"," 2.20"," 2.20","Aqu","Diu","Lar"
"534","Anura","Bufonidae","Atelopus"," 60.0000"," 1.00"," 2.40"," 2.40","Aqu","Diu","Lar"
"535","Anura","Bufonidae","Atelopus"," 39.0000"," 1.00"," 1.00"," 1.00","Aqu","Diu","Lar"
"537","Anura","Bufonidae","Atelopus"," 63.0000"," 1.00"," 1.80"," 1.80","Aqu","Diu","Lar"
"540","Anura","Bufonidae","Bufo","110.0000"," 1.00"," 1.50"," 1.50","Aqu","Noc","Lar"
"541","Anura","Bufonidae","Bufo","150.0000"," 1.00"," 1.80"," 2.20","Aqu","Crepu","Lar"
"544","Anura","Bufonidae","Bufo","134.0000"," 1.00"," 2.00"," 2.40","Aqu","Noc","Lar"
"564","Anura","Bufonidae","Dendrophryniscus"," 25.0000"," 1.00"," 0.90"," 2.30","Aqu","Noc","Lar"
"568","Anura","Bufonidae","Dendrophryniscus"," 24.0000"," 1.00"," 0.50"," 1.00","Aqu","Diu","Lar"
"581","Anura","Bufonidae","Duttaphrynus","132.0000"," 1.00"," 1.50"," 1.50","Ter","Noc","Lar"
"587","Anura","Bufonidae","Duttaphrynus","160.0000"," 2.00"," 1.40"," 1.40","Ter","Noc","Lar"
"603","Anura","Bufonidae","Epidalea","100.0000"," 1.00"," 1.70"," 1.70","Ter","Noc","Lar"
"608","Anura","Bufonidae","Incilius","165.0000"," 1.00"," 1.40"," 1.60","Ter","Noc","Lar"
"614","Anura","Bufonidae","Incilius"," 99.0000"," 1.00"," 1.30"," 1.30","Ter","Diu","Lar"
"615","Anura","Bufonidae","Incilius"," 95.0000"," 1.00"," 1.80"," 1.80","Arb","Noc","Lar"
"618","Anura","Bufonidae","Incilius"," 62.0000"," 1.00"," 4.30"," 4.50","Ter","Diu","Lar"
"620","Anura","Bufonidae","Incilius"," 53.0000"," 1.00"," 2.50"," 3.50","Ter","Diu","Lar"
"625","Anura","Bufonidae","Incilius","107.0000"," 1.00"," 1.50"," 1.50","Ter","Noc","Lar"
"641","Anura","Bufonidae","Incilius","125.0000"," 1.00"," 1.20"," 3.00","Ter","Diu","Lar"
"693","Anura","Bufonidae","Mertensophryne"," 36.0000"," 1.00"," 2.50"," 2.50","Ter","Noc","Lar"
"707","Anura","Bufonidae","Nectophrynoides"," 24.0000"," 1.00"," 1.80"," 1.80","Ter","Noc","Viv"
"755","Anura","Bufonidae","Peltophryne","198.0000"," 1.00"," 2.00"," 2.00","Ter","Noc","Lar"
"762","Anura","Bufonidae","Phrynoidis","140.0000"," 2.00"," 0.40"," 1.30","Aqu","Noc","Lar"
"787","Anura","Bufonidae","Pseudepidalea","120.0000"," 1.00"," 1.30"," 1.80","Aqu","Noc","Lar"
"794","Anura","Bufonidae","Rhaebo","110.0000"," 1.00"," 1.90"," 1.90","Ter","Noc","Lar"
"806","Anura","Bufonidae","Rhinella"," 82.6000"," 1.00"," 0.50"," 0.50","Aqu","Noc","Lar"
"821","Anura","Bufonidae","Rhinella"," 64.9000"," 1.00"," 2.40"," 3.00","Ter","Diu","Lar"
"833","Anura","Bufonidae","Rhinella"," 90.0000"," 1.00"," 1.00"," 1.00","Aqu","Noc","Lar"
"850","Anura","Bufonidae","Rhinella"," 74.0000"," 1.00"," 2.00"," 2.00","Ter","Diu","Lar"
"851","Anura","Bufonidae","Rhinella","241.0000"," 1.00"," 1.90"," 1.90","Aqu","Noc","Lar"
"857","Anura","Bufonidae","Rhinella"," 29.0000"," 1.00"," 1.20"," 1.20","Ter","Noc","Lar"
"860","Anura","Bufonidae","Rhinella"," 84.2900"," 1.00"," 0.90"," 1.70","Ter","Noc","Lar"
"955","Anura","Centrolenidae","Cochranella"," 32.0000"," 1.00"," 1.50"," 3.00","Arb","Noc","Lar"
"1032","Anura","Centrolenidae","Hyalinobatrachium"," 29.0000"," 1.00"," 1.50"," 1.50","Arb","Noc","Lar"
"1037","Anura","Centrolenidae","Hyalinobatrachium"," 32.0000"," 1.00"," 2.00"," 2.00","Arb","Noc","Lar"
"1054","Anura","Centrolenidae","Hyalinobatrachium"," 26.0000"," 1.00"," 2.00"," 4.00","Arb","Noc","Lar"
"1133","Anura","Ceratobatrachidae","Platymantis"," 60.5000"," 1.00"," 3.00"," 3.00","Ter","Noc","Dir"
"1137","Anura","Ceratobatrachidae","Platymantis","110.0000"," 1.00"," 7.00"," 9.00","Arb","Diu","Dir"
"1157","Anura","Ceratophryidae","Ceratophrys","120.0000"," 1.00"," 2.00"," 2.50","Ter","Noc","Lar"
"1238","Anura","Craugastoridae","Craugastor"," 95.0000"," 1.00"," 8.50"," 8.50","Aqu","Diu","Dir"
"1265","Anura","Craugastoridae","Craugastor"," 53.0000"," 1.00"," 3.10"," 5.50","Arb","Noc","Dir"
"1344","Anura","Craugastoridae","Haddadus"," 63.8000"," 1.00"," 1.90"," 5.00","Ter","Crepu","Dir"
"1389","Anura","Cycloramphidae","Proceratophrys"," 63.2000"," 1.00"," 2.00"," 4.60","Aqu","Crepu","Lar"
"1392","Anura","Cycloramphidae","Proceratophrys"," 74.3000"," 1.00"," 1.80"," 1.80","Aqu","Noc","Lar"
"1412","Anura","Cycloramphidae","Thoropa"," 53.0000"," 1.00"," 3.40"," 3.40","Arb","Noc","Lar"
"1413","Anura","Cycloramphidae","Thoropa"," 78.0000"," 1.00"," 1.70"," 1.70","Arb","Crepu","Lar"
"1424","Anura","Cycloramphidae","Cycloramphus"," 59.0000"," 1.00"," 1.70"," 2.40","Aqu","Noc","Lar"
"1430","Anura","Cycloramphidae","Cycloramphus"," 60.3000"," 1.00"," 3.00"," 3.00","Aqu","Noc","Lar"
"1433","Anura","Cycloramphidae","Cycloramphus"," 44.0000"," 1.00"," 2.90"," 4.60","Ter","Noc","Lar"
"1447","Anura","Cycloramphidae","Rhinoderma"," 31.0000"," 1.00"," 3.60"," 4.00","Ter","Noc","Dir"
"1450","Anura","Cycloramphidae","Zachaenus"," 29.6000"," 1.00"," 6.00"," 6.00","Aqu","Noc","Lar"
"1462","Anura","Dendrobatidae","Ameerega"," 30.5000"," 4.00"," 7.50"," 7.50","Ter","Diu","Lar"
"1463","Anura","Dendrobatidae","Ameerega"," 23.0000"," 1.00"," 2.30"," 2.30","Ter","Diu","Lar"
"1469","Anura","Dendrobatidae","Ameerega"," 24.0000"," 1.00"," 3.00"," 3.00","Ter","Crepu","Lar"
"1472","Anura","Dendrobatidae","Ameerega"," 31.0000"," 1.00"," 2.70"," 3.00","Ter","Noc","Lar"
"1473","Anura","Dendrobatidae","Ameerega"," 24.4000"," 1.00"," 2.00"," 2.00","Ter","Noc","Lar"
"1481","Anura","Dendrobatidae","Ameerega"," 49.5000"," 1.00"," 3.00"," 3.20","Ter","Diu","Lar"
"1505","Anura","Dendrobatidae","Epipedobates"," 26.5000"," 1.00"," 2.00"," 2.00","Aqu","Diu","Lar"
"1508","Anura","Dendrobatidae","Epipedobates"," 17.6000"," 1.00"," 1.60"," 1.60","Ter","Diu","Lar"
"1516","Anura","Dendrobatidae","Adelphobates"," 17.3000"," 1.00"," 1.50"," 1.50","Ter","Diu","Lar"
"1517","Anura","Dendrobatidae","Dendrobates"," 42.0000"," 3.00"," 2.00"," 2.00","Aqu","Diu","Lar"
"1518","Anura","Dendrobatidae","Dendrobates"," 37.5000"," 8.00"," 3.90"," 3.90","Arb","Diu","Lar"
"1521","Anura","Dendrobatidae","Dendrobates"," 31.0000"," 1.00"," 3.30"," 4.50","Aqu","Diu","Lar"
"1527","Anura","Dendrobatidae","Oophaga"," 38.0000"," 1.00"," 1.50"," 1.50","Ter","Diu","Lar"
"1528","Anura","Dendrobatidae","Oophaga"," 35.3000"," 1.00"," 1.20"," 1.50","Ter","Diu","Lar"
"1530","Anura","Dendrobatidae","Oophaga"," 25.0000","11.00"," 1.10"," 1.10","Arb","Diu","Lar"
"1537","Anura","Dendrobatidae","Phyllobates"," 43.2000"," 1.00"," 2.40"," 2.60","Ter","Diu","Lar"
"1538","Anura","Dendrobatidae","Phyllobates"," 31.0000"," 6.00"," 2.50"," 2.50","Ter","Diu","Lar"
"1549","Anura","Dendrobatidae","Ranitomeya"," 19.4000"," 1.00"," 2.00"," 2.00","Arb","Diu","Lar"
"1560","Anura","Dendrobatidae","Ranitomeya"," 17.0000"," 1.00"," 2.00"," 2.00","Arb","Diu","Lar"
"1568","Anura","Dendrobatidae","Ranitomeya"," 18.0000"," 1.00"," 2.00"," 2.00","Arb","Diu","Lar"
"1578","Anura","Dendrobatidae","Hyloxalus"," 29.5000"," 1.00"," 1.40"," 2.30","Aqu","Diu","Lar"
"1632","Anura","Dicroglossidae","Chrysopaa"," 90.0000"," 1.00"," 2.60"," 3.00","Aqu","Crepu","Lar"
"1665","Anura","Dicroglossidae","Fejervarya"," 42.5000"," 1.00"," 0.80"," 1.20","Arb","Noc","Lar"
"1671","Anura","Dicroglossidae","Hoplobatrachus","160.0000"," 1.00"," 3.20"," 5.00","Aqu","Noc","Lar"
"1672","Anura","Dicroglossidae","Hoplobatrachus"," 82.4000"," 1.00"," 1.80"," 1.80","Arb","Crepu","Lar"
"1678","Anura","Dicroglossidae","Limnonectes"," 96.8000"," 1.00"," 1.55"," 2.10","Aqu","Noc","Lar"
"1699","Anura","Dicroglossidae","Limnonectes"," 81.5000"," 1.00"," 2.00"," 2.30","Aqu","Noc","Lar"
"1705","Anura","Dicroglossidae","Limnonectes","150.0000"," 1.00"," 1.40"," 1.40","Aqu","Noc","Lar"
"1717","Anura","Dicroglossidae","Limnonectes"," 40.0000"," 1.00"," 1.33"," 2.66","Aqu","Noc","Lar"
"1723","Anura","Dicroglossidae","Limnonectes"," 79.0000"," 1.00"," 2.20"," 2.20","Aqu","Noc","Lar"
"1727","Anura","Dicroglossidae","Limnonectes"," 94.2000"," 1.00"," 2.50"," 2.70","Aqu","Noc","Lar"
"1753","Anura","Dicroglossidae","Nanorana"," 56.0000"," 1.00"," 2.60"," 2.90","Aqu","Noc","Lar"
"1756","Anura","Dicroglossidae","Nanorana"," 65.0000"," 1.00"," 2.40"," 2.50","Aqu","Diu","Lar"
"1763","Anura","Dicroglossidae","Ombrana"," 88.0000"," 1.00"," 3.50"," 3.90","Ter","Noc","Lar"
"1765","Anura","Dicroglossidae","Quasipaa","134.0000"," 3.00"," 3.90"," 3.90","Aqu","Noc","Lar"
"1771","Anura","Dicroglossidae","Quasipaa","101.0000"," 1.00"," 3.20"," 4.30","Aqu","Noc","Lar"
"1772","Anura","Dicroglossidae","Quasipaa","146.5000"," 1.00"," 3.50"," 3.90","Aqu","Noc","Lar"
"1795","Anura","Dicroglossidae","Occidozyga"," 40.0000"," 1.00"," 1.00"," 1.00","Aqu","Noc","Lar"
"1799","Anura","Dicroglossidae","Occidozyga"," 45.0000"," 1.00"," 1.20"," 1.20","Aqu","Noc","Lar"
"1802","Anura","Eleutherodactylidae","Diasporus"," 25.0000"," 1.00"," 4.30"," 4.30","Arb","Noc","Dir"
"1812","Anura","Eleutherodactylidae","Eleutherodactylus"," 15.0000"," 1.00"," 4.70"," 5.30","Ter","Diu","Dir"
"1817","Anura","Eleutherodactylidae","Eleutherodactylus"," 25.0000"," 1.00"," 3.40"," 5.10","Arb","Noc","Dir"
"1818","Anura","Eleutherodactylidae","Eleutherodactylus"," 50.0000"," 1.00"," 7.00"," 7.00","Arb","Noc","Dir"
"1825","Anura","Eleutherodactylidae","Eleutherodactylus"," 43.0000"," 1.00"," 3.00"," 4.00","Aqu","Noc","Dir"
"1828","Anura","Eleutherodactylidae","Eleutherodactylus"," 24.0000"," 1.00"," 6.00"," 8.00","Arb","Noc","Dir"
"1843","Anura","Eleutherodactylidae","Eleutherodactylus"," 52.0000"," 1.00"," 3.60"," 4.00","Arb","Noc","Dir"
"1844","Anura","Eleutherodactylidae","Eleutherodactylus"," 19.1000"," 1.00"," 3.30"," 3.30","Arb","Noc","Dir"
"1848","Anura","Eleutherodactylidae","Eleutherodactylus"," 60.3000"," 1.00"," 2.00"," 4.00","Arb","Noc","Dir"
"1849","Anura","Eleutherodactylidae","Eleutherodactylus"," 25.5000"," 1.00"," 3.00"," 3.50","Aqu","Crepu","Dir"
"1863","Anura","Eleutherodactylidae","Eleutherodactylus"," 33.0000"," 1.00"," 7.50"," 8.50","Arb","Noc","Dir"
"1880","Anura","Eleutherodactylidae","Eleutherodactylus"," 37.3000"," 1.00"," 3.00"," 6.00","Arb","Noc","Dir"
"1882","Anura","Eleutherodactylidae","Eleutherodactylus"," 32.0000"," 1.00"," 4.00"," 4.00","Aqu","Noc","Dir"
"1884","Anura","Eleutherodactylidae","Eleutherodactylus"," 35.0000"," 1.00"," 4.00"," 4.50","Arb","Noc","Dir"
"1893","Anura","Eleutherodactylidae","Eleutherodactylus"," 25.0000"," 1.00"," 3.30"," 5.00","Arb","Noc","Viv"
"1895","Anura","Eleutherodactylidae","Eleutherodactylus"," 35.0000"," 4.00"," 2.70"," 3.00","Arb","Noc","Dir"
"1902","Anura","Eleutherodactylidae","Eleutherodactylus"," 33.0000"," 1.00"," 5.80"," 5.80","Arb","Noc","Dir"
"1917","Anura","Eleutherodactylidae","Eleutherodactylus"," 35.6000"," 1.00"," 6.90"," 9.30","Arb","Noc","Dir"
"1956","Anura","Eleutherodactylidae","Eleutherodactylus"," 31.0000"," 1.00"," 4.20"," 4.60","Arb","Noc","Dir"
"1970","Anura","Eleutherodactylidae","Eleutherodactylus"," 18.0000"," 1.00"," 0.50"," 1.00","Aqu","Noc","Dir"
"1985","Anura","Eleutherodactylidae","Eleutherodactylus"," 18.5000"," 1.00"," 3.50"," 4.00","Aqu","Noc","Dir"
"1996","Anura","Eleutherodactylidae","Adelophryne"," 16.3000"," 1.00"," 2.00"," 2.00","Aqu","Diu","Dir"
"1997","Anura","Eleutherodactylidae","Adelophryne"," 16.0000"," 1.00"," 4.60"," 4.60","Aqu","Noc","Dir"
"1998","Anura","Eleutherodactylidae","Adelophryne"," 17.4000"," 1.00"," 4.40"," 6.00","Arb","Diu","Dir"
"2006","Anura","Heleophrynidae","Heleophryne"," 56.0000"," 1.00"," 3.80"," 3.80","Aqu","Diu","Lar"
"2015","Anura","Hemiphractidae","Flectonotus"," 38.7000"," 1.00"," 4.20"," 4.20","Arb","Noc","Lar"
"2016","Anura","Hemiphractidae","Flectonotus"," 24.0000"," 1.00"," 3.60"," 3.60","Arb","Noc","Lar"
"2017","Anura","Hemiphractidae","Flectonotus"," 34.8000"," 1.00"," 4.70"," 4.70","Arb","Noc","Lar"
"2019","Anura","Hemiphractidae","Flectonotus"," 32.4000"," 1.00"," 3.00"," 4.00","Arb","Noc","Lar"
"2031","Anura","Hemiphractidae","Gastrotheca"," 40.0000"," 1.00"," 3.50"," 3.50","Arb","Crepu","Lar"
"2033","Anura","Hemiphractidae","Gastrotheca"," 81.1000"," 1.00"," 9.80","12.00","Arb","Noc","Dir"
"2062","Anura","Hemiphractidae","Gastrotheca"," 46.8000"," 1.00"," 6.40"," 6.40","Arb","Noc","Lar"
"2079","Anura","Hemiphractidae","Hemiphractus"," 68.7000"," 1.00"," 6.00"," 7.00","Arb","Noc","Dir"
"2081","Anura","Hemiphractidae","Hemiphractus"," 77.2000"," 1.00"," 9.00"," 9.00","Aqu","Noc","Dir"
"2082","Anura","Hemiphractidae","Hemiphractus"," 67.0000"," 1.00"," 2.50"," 2.50","Arb","Noc","Dir"
"2083","Anura","Hemiphractidae","Hemiphractus"," 81.0000"," 1.00","10.00","10.00","Arb","Noc","Dir"
"2085","Anura","Hemiphractidae","Stefania"," 50.0000"," 1.00"," 5.50"," 8.70","Arb","Noc","Dir"
"2088","Anura","Hemiphractidae","Stefania"," 97.5000"," 1.00"," 1.00"," 1.00","Arb","Diu","Dir"
"2106","Anura","Hemisotidae","Hemisus"," 80.0000"," 1.00"," 2.50"," 2.50","Fos","Noc","Lar"
"2107","Anura","Hemisotidae","Hemisus"," 55.0000"," 1.00"," 4.90"," 7.30","Fos","Noc","Lar"
"2117","Anura","Hylidae","Acris"," 38.0000"," 2.00"," 1.30"," 1.50","Arb","Noc","Lar"
"2118","Anura","Hylidae","Acris"," 32.0000"," 1.00"," 0.90"," 1.40","Arb","Noc","Lar"
"2119","Anura","Hylidae","Anotheca"," 80.0000"," 1.00"," 1.50"," 1.80","Arb","Noc","Lar"
"2129","Anura","Hylidae","Aplastodiscus"," 50.3000"," 1.00"," 1.30"," 1.70","Arb","Noc","Lar"
"2131","Anura","Hylidae","Aplastodiscus"," 39.0000"," 1.00"," 1.95"," 2.87","Arb","Noc","Lar"
"2134","Anura","Hylidae","Aplastodiscus"," 45.1000"," 1.00"," 1.80"," 2.10","Arb","Noc","Lar"
"2136","Anura","Hylidae","Aplastodiscus"," 46.1000"," 1.00"," 1.40"," 2.00","Arb","Noc","Lar"
"2139","Anura","Hylidae","Argenteohyla"," 83.0000"," 1.00"," 1.60"," 1.80","Aqu","Noc","Lar"
"2155","Anura","Hylidae","Bokermannohyla"," 50.2100"," 3.00"," 2.10"," 2.10","Aqu","Noc","Lar"
"2160","Anura","Hylidae","Bokermannohyla"," 61.9000"," 1.00"," 1.80"," 1.80","Arb","Noc","Lar"
"2163","Anura","Hylidae","Bokermannohyla"," 47.1500"," 3.00"," 1.40"," 1.90","Arb","Crepu","Lar"
"2166","Anura","Hylidae","Bokermannohyla"," 55.0000"," 1.00"," 2.40"," 2.40","Arb","Noc","Lar"
"2174","Anura","Hylidae","Charadrahyla"," 70.0000"," 1.00"," 2.20"," 2.20","Arb","Noc","Lar"
"2182","Anura","Hylidae","Dendropsophus"," 42.0000"," 1.00"," 1.00"," 1.00","Aqu","Noc","Lar"
"2186","Anura","Hylidae","Dendropsophus"," 24.0000"," 1.00"," 0.92"," 1.90","Aqu","Noc","Lar"
"2187","Anura","Hylidae","Dendropsophus"," 35.0000"," 1.00"," 1.50"," 2.00","Arb","Noc","Lar"
"2190","Anura","Hylidae","Dendropsophus"," 28.0000"," 1.00"," 1.50"," 1.80","Arb","Noc","Lar"
"2192","Anura","Hylidae","Dendropsophus"," 25.0000"," 1.00"," 1.00"," 1.60","Arb","Noc","Lar"
"2202","Anura","Hylidae","Dendropsophus"," 37.0000"," 1.00"," 1.20"," 1.40","Arb","Noc","Lar"
"2203","Anura","Hylidae","Dendropsophus"," 35.7000"," 1.00"," 1.15"," 1.40","Arb","Noc","Lar"
"2215","Anura","Hylidae","Dendropsophus"," 29.0000"," 1.00"," 1.10"," 1.10","Arb","Noc","Lar"
"2218","Anura","Hylidae","Dendropsophus"," 50.0000"," 1.00"," 1.10"," 1.50","Arb","Noc","Lar"
"2221","Anura","Hylidae","Dendropsophus"," 56.0000"," 1.00"," 1.00"," 2.00","Arb","Noc","Lar"
"2226","Anura","Hylidae","Dendropsophus"," 32.0000"," 1.00"," 0.70"," 1.20","Arb","Noc","Lar"
"2227","Anura","Hylidae","Dendropsophus"," 33.0000"," 1.00"," 1.20"," 1.50","Arb","Noc","Lar"
"2230","Anura","Hylidae","Dendropsophus"," 27.6000"," 1.00"," 0.80"," 1.40","Arb","Noc","Lar"
"2231","Anura","Hylidae","Dendropsophus"," 25.0000"," 1.00"," 1.40"," 1.60","Arb","Noc","Lar"
"2233","Anura","Hylidae","Dendropsophus"," 23.8000"," 1.00"," 1.20"," 1.20","Aqu","Crepu","Lar"
"2237","Anura","Hylidae","Dendropsophus"," 27.0000"," 1.00"," 1.00"," 1.20","Arb","Noc","Lar"
"2245","Anura","Hylidae","Dendropsophus"," 29.0000"," 1.00"," 1.00"," 1.22","Arb","Noc","Lar"
"2246","Anura","Hylidae","Dendropsophus"," 23.0000"," 1.00"," 1.00"," 1.00","Arb","Noc","Lar"
"2248","Anura","Hylidae","Dendropsophus"," 23.0000"," 1.00"," 1.00"," 1.50","Arb","Noc","Lar"
"2249","Anura","Hylidae","Dendropsophus"," 25.4000"," 1.00"," 0.90"," 0.90","Aqu","Noc","Lar"
"2252","Anura","Hylidae","Dendropsophus"," 21.1000"," 1.00"," 0.90"," 0.90","Arb","Noc","Lar"
"2253","Anura","Hylidae","Dendropsophus"," 44.0000"," 1.00"," 1.50"," 2.00","Arb","Noc","Lar"
"2257","Anura","Hylidae","Dendropsophus"," 33.0000"," 1.00"," 0.40"," 1.20","Arb","Noc","Lar"
"2274","Anura","Hylidae","Duellmanohyla"," 40.0000"," 1.00"," 2.40"," 2.40","Arb","Noc","Lar"
"2283","Anura","Hylidae","Ecnomiohyla"," 51.6000"," 1.00"," 2.40"," 2.40","Arb","Noc","Lar"
"2304","Anura","Hylidae","Hyla"," 50.0000"," 1.00"," 1.20"," 1.50","Arb","Crepu","Lar"
"2306","Anura","Hylidae","Hyla"," 57.1000"," 1.00"," 1.20"," 2.40","Arb","Crepu","Lar"
"2307","Anura","Hylidae","Hyla"," 52.0000"," 1.00"," 0.80"," 1.40","Arb","Crepu","Lar"
"2309","Anura","Hylidae","Hyla"," 34.2000"," 1.00"," 1.00"," 1.50","Arb","Noc","Lar"
"2310","Anura","Hylidae","Hyla"," 62.0000"," 1.00"," 1.20"," 1.40","Arb","Crepu","Lar"
"2311","Anura","Hylidae","Hyla"," 66.0000"," 2.00"," 0.80"," 1.60","Arb","Crepu","Lar"
"2315","Anura","Hylidae","Hyla"," 44.0000"," 1.00"," 0.80"," 1.20","Arb","Crepu","Lar"
"2316","Anura","Hylidae","Hyla"," 70.0000"," 1.00"," 1.20"," 1.90","Arb","Crepu","Lar"
"2320","Anura","Hylidae","Hyla"," 43.9300"," 1.00"," 1.50"," 1.50","Arb","Noc","Lar"
"2321","Anura","Hylidae","Hyla"," 41.0000"," 1.00"," 1.30"," 1.30","Arb","Noc","Lar"
"2322","Anura","Hylidae","Hyla"," 65.0000"," 1.00"," 1.10"," 1.50","Arb","Noc","Lar"
"2327","Anura","Hylidae","Hyla"," 50.0000"," 1.00"," 1.50"," 1.50","Arb","Crepu","Lar"
"2328","Anura","Hylidae","Hyla"," 49.0000"," 1.00"," 1.30"," 1.30","Arb","Crepu","Lar"
"2330","Anura","Hylidae","Hyla"," 45.0000"," 1.00"," 0.80"," 1.00","Arb","Noc","Lar"
"2333","Anura","Hylidae","Hyla"," 60.0000"," 1.00"," 1.10"," 2.00","Arb","Noc","Lar"
"2356","Anura","Hylidae","Hyloscirtus"," 39.3000"," 1.00"," 3.10"," 3.10","Arb","Noc","Lar"
"2358","Anura","Hylidae","Hyloscirtus"," 42.3000"," 1.00"," 2.50"," 2.50","Arb","Noc","Lar"
"2368","Anura","Hylidae","Hypsiboas"," 62.0000"," 1.00"," 1.50"," 1.50","Arb","Noc","Lar"
"2370","Anura","Hylidae","Hypsiboas"," 75.0000"," 1.00"," 1.60"," 2.30","Arb","Noc","Lar"
"2373","Anura","Hylidae","Hypsiboas"," 43.5000"," 1.00"," 1.40"," 1.90","Arb","Noc","Lar"
"2377","Anura","Hylidae","Hypsiboas"," 69.0000"," 1.00"," 1.80"," 2.00","Arb","Noc","Lar"
"2378","Anura","Hylidae","Hypsiboas","132.0000"," 1.00"," 2.00"," 2.10","Arb","Noc","Lar"
"2383","Anura","Hylidae","Hypsiboas"," 61.0000"," 1.00"," 1.50"," 2.00","Arb","Noc","Lar"
"2384","Anura","Hylidae","Hypsiboas"," 51.5000"," 1.00"," 1.00"," 3.30","Arb","Noc","Lar"
"2385","Anura","Hylidae","Hypsiboas"," 36.2000"," 1.00"," 1.50"," 2.00","Arb","Noc","Lar"
"2388","Anura","Hylidae","Hypsiboas"," 75.0000"," 1.00"," 1.50"," 1.80","Arb","Noc","Lar"
"2394","Anura","Hylidae","Hypsiboas","104.0000"," 1.00"," 1.50"," 2.12","Arb","Crepu","Lar"
"2395","Anura","Hylidae","Hypsiboas"," 51.2000"," 1.00"," 1.50"," 1.50","Arb","Noc","Lar"
"2398","Anura","Hylidae","Hypsiboas"," 85.0000"," 1.00"," 1.00"," 2.00","Arb","Noc","Lar"
"2400","Anura","Hylidae","Hypsiboas"," 38.3000"," 1.00"," 0.90"," 1.20","Arb","Noc","Lar"
"2404","Anura","Hylidae","Hypsiboas"," 56.0000"," 1.00"," 1.00"," 1.00","Arb","Noc","Lar"
"2407","Anura","Hylidae","Hypsiboas"," 94.0000"," 1.00"," 2.00"," 2.00","Arb","Noc","Lar"
"2409","Anura","Hylidae","Hypsiboas"," 40.0000"," 1.00"," 2.00"," 2.50","Arb","Noc","Lar"
"2410","Anura","Hylidae","Hypsiboas"," 39.0000"," 1.00"," 1.50"," 2.00","Arb","Noc","Lar"
"2418","Anura","Hylidae","Hypsiboas"," 83.0000"," 1.00"," 1.00"," 1.00","Arb","Noc","Lar"
"2419","Anura","Hylidae","Hypsiboas"," 36.0000"," 1.00"," 2.00"," 2.00","Arb","Noc","Lar"
"2428","Anura","Hylidae","Hypsiboas"," 41.5000"," 1.00"," 1.00"," 1.00","Arb","Noc","Lar"
"2430","Anura","Hylidae","Hypsiboas"," 55.0000"," 1.00"," 1.50"," 1.50","Arb","Noc","Lar"
"2431","Anura","Hylidae","Hypsiboas"," 75.7000"," 1.00"," 1.70"," 1.70","Arb","Noc","Lar"
"2434","Anura","Hylidae","Hypsiboas"," 41.7000"," 1.00"," 1.40"," 1.70","Arb","Noc","Lar"
"2439","Anura","Hylidae","Hypsiboas"," 95.0000"," 1.00"," 2.00"," 2.00","Arb","Noc","Lar"
"2441","Anura","Hylidae","Hypsiboas"," 55.0000"," 1.00"," 1.80"," 1.80","Arb","Noc","Lar"
"2444","Anura","Hylidae","Hypsiboas"," 52.0000"," 1.00"," 0.95"," 1.25","Arb","Noc","Lar"
"2445","Anura","Hylidae","Hypsiboas"," 35.7000"," 1.00"," 2.30"," 3.00","Arb","Noc","Lar"
"2450","Anura","Hylidae","Hypsiboas","113.0000"," 1.00"," 1.60"," 1.80","Arb","Noc","Lar"
"2452","Anura","Hylidae","Isthmohyla"," 41.0000"," 1.00"," 2.80"," 4.40","Arb","Noc","Lar"
"2456","Anura","Hylidae","Isthmohyla"," 38.0000"," 1.00"," 5.50"," 7.10","Aqu","Noc","Lar"
"2457","Anura","Hylidae","Isthmohyla"," 41.1000"," 1.00"," 2.60"," 2.60","Aqu","Noc","Lar"
"2460","Anura","Hylidae","Isthmohyla"," 45.1000"," 1.00"," 2.40"," 2.40","Arb","Noc","Lar"
"2461","Anura","Hylidae","Isthmohyla"," 52.0000"," 2.00"," 1.70"," 1.70","Aqu","Noc","Lar"
"2462","Anura","Hylidae","Isthmohyla"," 43.0000"," 1.00"," 2.40"," 2.40","Aqu","Noc","Lar"
"2463","Anura","Hylidae","Isthmohyla"," 43.0000"," 1.00"," 2.00"," 2.30","Arb","Crepu","Lar"
"2466","Anura","Hylidae","Itapotihyla","112.0000"," 1.00"," 0.98"," 1.55","Arb","Noc","Lar"
"2479","Anura","Hylidae","Osteocephalus"," 65.0000"," 1.00"," 1.30"," 1.40","Arb","Noc","Lar"
"2480","Anura","Hylidae","Osteocephalus"," 69.0000"," 1.00"," 1.40"," 1.69","Arb","Noc","Lar"
"2491","Anura","Hylidae","Osteocephalus"," 64.0000"," 1.00"," 1.00"," 1.60","Arb","Noc","Lar"
"2494","Anura","Hylidae","Osteocephalus"," 62.7000"," 1.00"," 1.70"," 1.74","Arb","Crepu","Lar"
"2499","Anura","Hylidae","Osteocephalus","103.9000"," 1.00"," 1.00"," 1.00","Arb","Noc","Lar"
"2516","Anura","Hylidae","Phyllodytes"," 23.0000"," 1.00"," 1.10"," 1.10","Arb","Noc","Lar"
"2525","Anura","Hylidae","Plectrohyla"," 51.6000"," 1.00"," 2.20"," 2.20","Arb","Diu","Lar"
"2542","Anura","Hylidae","Plectrohyla"," 76.1000"," 1.00"," 1.40"," 2.30","Arb","Noc","Lar"
"2548","Anura","Hylidae","Plectrohyla"," 49.0000"," 1.00"," 1.90"," 2.50","Arb","Noc","Lar"
"2557","Anura","Hylidae","Plectrohyla"," 47.0000"," 1.00"," 3.10"," 3.30","Arb","Noc","Lar"
"2560","Anura","Hylidae","Plectrohyla"," 52.0000"," 1.00"," 1.30"," 2.00","Arb","Noc","Lar"
"2564","Anura","Hylidae","Plectrohyla"," 37.8000"," 1.00"," 5.10"," 5.10","Arb","Noc","Lar"
"2565","Anura","Hylidae","Pseudacris"," 38.0000"," 1.00"," 1.60"," 1.60","Aqu","Noc","Lar"
"2566","Anura","Hylidae","Pseudacris"," 35.0000"," 1.00"," 1.30"," 1.70","Aqu","Noc","Lar"
"2567","Anura","Hylidae","Pseudacris"," 51.0000"," 1.00"," 1.80"," 2.40","Arb","Noc","Lar"
"2568","Anura","Hylidae","Pseudacris"," 32.0000"," 1.00"," 0.60"," 1.60","Aqu","Noc","Lar"
"2569","Anura","Hylidae","Pseudacris"," 37.0000"," 1.00"," 1.08"," 1.48","Aqu","Crepu","Lar"
"2570","Anura","Hylidae","Pseudacris"," 38.0000"," 1.00"," 0.90"," 1.30","Aqu","Crepu","Lar"
"2576","Anura","Hylidae","Pseudacris"," 32.0000"," 1.00"," 0.50"," 1.00","Aqu","Noc","Lar"
"2577","Anura","Hylidae","Pseudacris"," 17.5000"," 1.00"," 0.60"," 1.00","Aqu","Noc","Lar"
"2578","Anura","Hylidae","Pseudacris"," 40.0000"," 1.00"," 0.90"," 1.00","Aqu","Noc","Lar"
"2579","Anura","Hylidae","Pseudacris"," 50.0000"," 5.00"," 1.20"," 1.40","Aqu","Noc","Lar"
"2586","Anura","Hylidae","Pseudis"," 55.9000"," 1.00"," 2.50"," 3.00","Aqu","Noc","Lar"
"2588","Anura","Hylidae","Pseudis"," 51.1000"," 1.00"," 1.50"," 2.00","Aqu","Noc","Lar"
"2602","Anura","Hylidae","Ptychohyla"," 50.7000"," 1.00"," 2.50"," 2.50","Arb","Noc","Lar"
"2607","Anura","Hylidae","Scinax"," 48.0000"," 1.00"," 1.00"," 1.20","Arb","Noc","Lar"
"2615","Anura","Hylidae","Scinax"," 23.0000"," 1.00"," 0.70"," 0.90","Arb","Noc","Lar"
"2623","Anura","Hylidae","Scinax"," 40.0000"," 1.00"," 1.00"," 1.00","Arb","Noc","Lar"
"2624","Anura","Hylidae","Scinax"," 53.0000"," 1.00"," 1.50"," 1.60","Arb","Crepu","Lar"
"2649","Anura","Hylidae","Scinax"," 43.0000"," 1.00"," 1.10"," 1.50","Arb","Noc","Lar"
"2650","Anura","Hylidae","Scinax"," 26.7000"," 1.00"," 0.74"," 1.00","Arb","Noc","Lar"
"2651","Anura","Hylidae","Scinax"," 55.3000"," 1.00"," 1.00"," 1.50","Arb","Noc","Lar"
"2652","Anura","Hylidae","Scinax"," 49.1000"," 1.00"," 1.00"," 1.50","Arb","Noc","Lar"
"2654","Anura","Hylidae","Scinax"," 53.0000"," 1.00"," 1.08"," 2.09","Arb","Noc","Lar"
"2667","Anura","Hylidae","Scinax"," 39.9000"," 1.00"," 1.10"," 1.50","Arb","Crepu","Lar"
"2693","Anura","Hylidae","Scinax"," 45.0000"," 1.00"," 1.00"," 1.50","Arb","Noc","Lar"
"2696","Anura","Hylidae","Scinax"," 29.0000"," 1.00"," 1.00"," 1.00","Arb","Noc","Lar"
"2709","Anura","Hylidae","Smilisca"," 90.0000"," 1.00"," 1.30"," 1.30","Arb","Noc","Lar"
"2710","Anura","Hylidae","Smilisca"," 70.0000"," 1.00"," 1.20"," 1.32","Arb","Noc","Lar"
"2715","Anura","Hylidae","Smilisca"," 62.2000"," 1.00"," 2.40"," 2.40","Arb","Noc","Lar"
"2720","Anura","Hylidae","Sphaenorhynchus"," 23.0000"," 1.00"," 1.00"," 1.00","Arb","Noc","Lar"
"2721","Anura","Hylidae","Sphaenorhynchus"," 40.0000"," 1.00"," 1.00"," 2.30","Arb","Noc","Lar"
"2722","Anura","Hylidae","Sphaenorhynchus"," 48.0000"," 1.00"," 1.00"," 1.00","Arb","Noc","Lar"
"2742","Anura","Hylidae","Tlalocohyla"," 30.9000"," 1.00"," 2.00"," 2.00","Arb","Noc","Lar"
"2744","Anura","Hylidae","Trachycephalus"," 66.0000"," 1.00"," 2.00"," 2.00","Arb","Noc","Lar"
"2751","Anura","Hylidae","Trachycephalus"," 80.5000"," 1.00"," 1.20"," 1.90","Arb","Noc","Lar"
"2753","Anura","Hylidae","Trachycephalus"," 88.0000"," 1.00"," 1.60"," 1.60","Arb","Noc","Lar"
"2755","Anura","Hylidae","Triprion"," 75.2000"," 1.00"," 1.60"," 1.90","Arb","Noc","Lar"
"2767","Anura","Hylidae","Litoria"," 93.9000"," 1.00"," 1.40"," 2.50","Arb","Noc","Lar"
"2787","Anura","Hylidae","Litoria"," 70.0000"," 1.00"," 1.20"," 1.65","Arb","Noc","Lar"
"2792","Anura","Hylidae","Litoria"," 65.0000"," 1.00"," 1.65"," 1.80","Arb","Noc","Lar"
"2814","Anura","Hylidae","Litoria"," 85.0000"," 1.00"," 2.25"," 2.25","Arb","Noc","Lar"
"2819","Anura","Hylidae","Litoria"," 25.0000"," 1.00"," 1.00"," 1.00","Arb","Noc","Lar"
"2826","Anura","Hylidae","Litoria"," 85.0000"," 1.00"," 2.10"," 2.60","Arb","Noc","Lar"
"2839","Anura","Hylidae","Litoria","110.0000"," 1.00"," 1.20"," 3.00","Arb","Noc","Lar"
"2848","Anura","Hylidae","Litoria"," 70.0000"," 1.00"," 1.00"," 1.60","Arb","Noc","Lar"
"2854","Anura","Hylidae","Litoria"," 25.0000"," 1.00"," 2.00"," 2.40","Arb","Noc","Lar"
"2855","Anura","Hylidae","Litoria"," 35.0000"," 1.00"," 2.30"," 2.30","Arb","Noc","Lar"
"2877","Anura","Hylidae","Litoria"," 65.0000"," 1.00"," 2.70"," 3.40","Arb","Noc","Lar"
"2885","Anura","Hylidae","Litoria"," 30.0000"," 1.00"," 2.20"," 2.20","Arb","Noc","Lar"
"2892","Anura","Hylidae","Litoria"," 41.0000"," 1.00"," 1.20"," 1.40","Arb","Noc","Lar"
"2897","Anura","Hylidae","Litoria"," 55.7000"," 1.00"," 1.50"," 1.60","Arb","Noc","Lar"
"2910","Anura","Hylidae","Litoria"," 90.0000"," 1.00"," 1.30"," 1.30","Arb","Noc","Lar"
"2913","Anura","Hylidae","Litoria"," 50.0000"," 1.00"," 1.20"," 2.00","Arb","Noc","Lar"
"2932","Anura","Hylidae","Litoria"," 50.0000"," 1.00"," 2.10"," 2.10","Arb","Noc","Lar"
"2943","Anura","Hylidae","Litoria"," 30.0000"," 1.00"," 1.20"," 1.23","Arb","Noc","Lar"
"2946","Anura","Hylidae","Litoria"," 26.5000"," 1.00"," 1.20"," 1.20","Arb","Noc","Lar"
"2949","Anura","Hylidae","Litoria"," 70.0000"," 1.00"," 1.00"," 1.00","Ter","Noc","Lar"
"2952","Anura","Hylidae","Litoria"," 56.0000"," 1.00"," 1.45"," 1.45","Arb","Noc","Lar"
"2954","Anura","Hylidae","Agalychnis"," 84.2000"," 1.00"," 3.30"," 3.30","Arb","Noc","Lar"
"2957","Anura","Hylidae","Agalychnis"," 77.2000"," 1.00"," 3.20"," 3.20","Arb","Noc","Lar"
"2964","Anura","Hylidae","Agalychnis"," 85.0000"," 1.00"," 3.80"," 3.80","Arb","Noc","Lar"
"2966","Anura","Hylidae","Agalychnis"," 66.0000"," 1.00"," 5.00"," 5.00","Arb","Noc","Lar"
"2968","Anura","Hylidae","Cruziohyla"," 87.0000"," 1.00"," 3.80"," 4.00","Arb","Noc","Lar"
"2969","Anura","Hylidae","Cruziohyla"," 73.0000"," 1.00"," 4.00"," 4.00","Arb","Noc","Lar"
"2982","Anura","Hylidae","Phyllomedusa"," 49.0000"," 1.00"," 3.00"," 3.00","Ter","Noc","Lar"
"2993","Anura","Hylidae","Phyllomedusa"," 70.0000"," 1.00"," 2.60"," 2.60","Arb","Noc","Lar"
"2996","Anura","Hylidae","Phyllomedusa"," 46.0000"," 1.00"," 2.00"," 2.40","Arb","Noc","Lar"
"3005","Anura","Hylidae","Phyllomedusa"," 96.6000"," 1.00"," 2.30"," 2.80","Arb","Noc","Lar"
"3006","Anura","Hylidae","Phyllomedusa","112.0000"," 1.00"," 3.00"," 4.00","Arb","Noc","Lar"
"3007","Anura","Hylidae","Phyllomedusa"," 69.4000"," 1.00"," 2.90"," 2.90","Arb","Noc","Lar"
"3008","Anura","Hylidae","Phyllomedusa"," 62.3000"," 4.00"," 3.00"," 3.50","Arb","Noc","Lar"
"3010","Anura","Hylidae","Phyllomedusa"," 84.0000"," 1.00"," 2.00"," 2.50","Arb","Noc","Lar"
"3024","Anura","Hylodidae","Hylodes"," 44.9000"," 1.00"," 2.50"," 4.00","Arb","Diu","Lar"
"3054","Anura","Hyperoliidae","Acanthixalus"," 38.5000"," 1.00"," 2.00"," 4.00","Arb","Noc","Lar"
"3055","Anura","Hyperoliidae","Acanthixalus"," 38.3000"," 1.00"," 2.00"," 2.00","Arb","Noc","Lar"
"3060","Anura","Hyperoliidae","Afrixalus"," 38.0000"," 1.00"," 1.70"," 2.20","Arb","Noc","Lar"
"3064","Anura","Hyperoliidae","Afrixalus"," 40.0000"," 1.00"," 1.60"," 2.00","Arb","Noc","Lar"
"3097","Anura","Hyperoliidae","Heterixalus"," 29.0000"," 1.00"," 1.60"," 1.60","Arb","Crepu","Lar"
"3104","Anura","Hyperoliidae","Heterixalus"," 30.0000"," 1.00"," 1.50"," 1.50","Arb","Noc","Lar"
"3107","Anura","Hyperoliidae","Hyperolius"," 26.0000"," 1.00"," 0.70"," 1.20","Arb","Noc","Lar"
"3128","Anura","Hyperoliidae","Hyperolius"," 33.0000"," 1.00"," 1.50"," 1.50","Arb","Noc","Lar"
"3145","Anura","Hyperoliidae","Hyperolius"," 43.0000"," 1.00"," 2.00"," 2.00","Arb","Diu","Lar"
"3153","Anura","Hyperoliidae","Hyperolius"," 39.0000"," 1.00"," 1.50"," 1.50","Arb","Noc","Lar"
"3156","Anura","Hyperoliidae","Hyperolius"," 31.0000"," 1.00"," 1.60"," 1.60","Arb","Noc","Lar"
"3157","Anura","Hyperoliidae","Hyperolius"," 30.0000"," 1.00"," 1.60"," 1.90","Arb","Noc","Lar"
"3174","Anura","Hyperoliidae","Hyperolius"," 26.0000"," 1.00"," 1.00"," 1.00","Arb","Crepu","Lar"
"3177","Anura","Hyperoliidae","Hyperolius"," 35.0000"," 1.00"," 1.10"," 2.20","Arb","Noc","Lar"
"3194","Anura","Hyperoliidae","Hyperolius"," 43.0000"," 1.00"," 2.50"," 2.50","Arb","Noc","Lar"
"3213","Anura","Hyperoliidae","Hyperolius"," 28.0000"," 1.00"," 1.80"," 2.00","Arb","Noc","Lar"
"3224","Anura","Hyperoliidae","Hyperolius"," 36.0000"," 1.00"," 2.00"," 2.00","Arb","Noc","Lar"
"3225","Anura","Hyperoliidae","Hyperolius"," 40.0000"," 1.00"," 1.50"," 1.50","Arb","Noc","Lar"
"3228","Anura","Hyperoliidae","Hyperolius"," 34.0000"," 1.00"," 1.30"," 1.50","Arb","Noc","Lar"
"3237","Anura","Hyperoliidae","Kassina"," 42.0000"," 1.00"," 1.70"," 1.70","Arb","Crepu","Lar"
"3248","Anura","Hyperoliidae","Kassina"," 52.0000"," 1.00"," 1.60"," 1.80","Aqu","Crepu","Lar"
"3262","Anura","Leiopelmatidae","Ascaphus"," 56.0000"," 1.00"," 4.00"," 5.00","Aqu","Noc","Lar"
"3263","Anura","Leiopelmatidae","Ascaphus"," 50.0000"," 1.00"," 4.00"," 7.00","Aqu","Noc","Lar"
"3264","Anura","Leiopelmatidae","Leiopelma"," 38.0000"," 1.00"," 4.50"," 8.00","Aqu","Noc","Dir"
"3265","Anura","Leiopelmatidae","Leiopelma"," 47.0000"," 1.00"," 8.00","11.00","Aqu","Noc","Dir"
"3266","Anura","Leiopelmatidae","Leiopelma"," 47.0000"," 1.00"," 5.50"," 5.50","Arb","Noc","Dir"
"3269","Anura","Leiuperidae","Edalorhina"," 38.0000"," 1.00"," 2.00"," 2.10","Aqu","Diu","Lar"
"3274","Anura","Leiuperidae","Engystomops"," 39.0000"," 1.00"," 1.00"," 1.00","Ter","Noc","Lar"
"3279","Anura","Leiuperidae","Eupemphix"," 56.4000"," 1.00"," 1.20"," 1.60","Ter","Noc","Lar"
"3282","Anura","Leiuperidae","Physalaemus"," 34.1000"," 1.00"," 0.90"," 1.00","Aqu","Noc","Lar"
"3284","Anura","Leiuperidae","Physalaemus"," 26.8000"," 1.00"," 0.99"," 1.90","Aqu","Crepu","Lar"
"3290","Anura","Leiuperidae","Physalaemus"," 40.0000"," 1.00"," 0.80"," 1.20","Aqu","Noc","Lar"
"3293","Anura","Leiuperidae","Physalaemus"," 30.0100"," 1.00"," 1.20"," 1.20","Aqu","Crepu","Lar"
"3294","Anura","Leiuperidae","Physalaemus"," 36.5000"," 1.00"," 1.00"," 1.20","Arb","Crepu","Lar"
"3312","Anura","Leiuperidae","Physalaemus"," 39.0000"," 1.00"," 0.70"," 1.00","Ter","Noc","Lar"
"3317","Anura","Leiuperidae","Physalaemus"," 41.0000"," 1.00"," 1.10"," 1.40","Aqu","Noc","Lar"
"3324","Anura","Leiuperidae","Physalaemus"," 22.7000"," 1.00"," 1.00"," 1.80","Ter","Noc","Lar"
"3340","Anura","Leiuperidae","Pseudopaludicola"," 14.1000"," 1.00"," 0.20"," 0.40","Aqu","Crepu","Lar"
"3358","Anura","Leptodactylidae","Leptodactylus"," 49.0000"," 1.00"," 2.50"," 3.00","Arb","Diu","Lar"
"3359","Anura","Leptodactylidae","Leptodactylus"," 28.0000"," 1.00"," 3.00"," 3.00","Ter","Noc","Lar"
"3362","Anura","Leptodactylidae","Leptodactylus","120.0000"," 1.00"," 2.00"," 2.00","Aqu","Noc","Lar"
"3366","Anura","Leptodactylidae","Leptodactylus"," 82.0000"," 1.00"," 1.40"," 1.70","Arb","Noc","Lar"
"3371","Anura","Leptodactylidae","Leptodactylus"," 58.6000"," 1.00"," 2.00"," 2.00","Aqu","Noc","Lar"
"3373","Anura","Leptodactylidae","Leptodactylus"," 25.0000"," 1.00"," 2.40"," 3.00","Aqu","Crepu","Lar"
"3374","Anura","Leptodactylidae","Leptodactylus"," 35.0000"," 1.00"," 1.00"," 1.20","Aqu","Noc","Lar"
"3380","Anura","Leptodactylidae","Leptodactylus"," 44.0000"," 1.00"," 3.00"," 3.00","Aqu","Noc","Lar"
"3381","Anura","Leptodactylidae","Leptodactylus"," 46.0000"," 1.00"," 2.00"," 2.30","Aqu","Noc","Lar"
"3385","Anura","Leptodactylidae","Leptodactylus"," 30.0000"," 1.00"," 3.00"," 3.00","Aqu","Noc","Lar"
"3395","Anura","Leptodactylidae","Leptodactylus"," 49.0000"," 1.00"," 0.60"," 1.00","Aqu","Noc","Lar"
"3396","Anura","Leptodactylidae","Leptodactylus"," 56.0000"," 1.00"," 1.50"," 2.00","Ter","Noc","Lar"
"3403","Anura","Leptodactylidae","Leptodactylus"," 25.0000"," 1.00"," 1.55"," 5.50","Ter","Noc","Lar"
"3404","Anura","Leptodactylidae","Leptodactylus"," 25.0000"," 1.00"," 2.40"," 2.60","Ter","Diu","Lar"
"3405","Anura","Leptodactylidae","Leptodactylus"," 58.0000"," 1.00"," 1.30"," 1.30","Arb","Noc","Lar"
"3407","Anura","Leptodactylidae","Leptodactylus"," 60.0000"," 1.00"," 2.50"," 2.50","Aqu","Noc","Lar"
"3408","Anura","Leptodactylidae","Leptodactylus"," 65.0000"," 1.00"," 2.50"," 2.50","Aqu","Noc","Lar"
"3410","Anura","Leptodactylidae","Leptodactylus"," 44.0000"," 1.00"," 1.10"," 1.30","Aqu","Noc","Lar"
"3420","Anura","Leptodactylidae","Leptodactylus"," 54.0000"," 1.00"," 1.00"," 1.20","Aqu","Noc","Lar"
"3424","Anura","Leptodactylidae","Leptodactylus"," 90.0000"," 1.00"," 3.00"," 3.00","Aqu","Noc","Lar"
"3425","Anura","Leptodactylidae","Leptodactylus"," 90.0000"," 1.00"," 2.50"," 2.90","Arb","Noc","Lar"
"3436","Anura","Leptodactylidae","Leptodactylus"," 82.0000"," 1.00"," 2.30"," 3.40","Aqu","Crepu","Lar"
"3439","Anura","Leptodactylidae","Leptodactylus"," 53.6000"," 1.00"," 2.30"," 2.70","Aqu","Crepu","Lar"
"3445","Anura","Leptodactylidae","Leptodactylus"," 78.0000"," 1.00"," 1.00"," 1.50","Arb","Noc","Lar"
"3456","Anura","Limnodynastidae","Heleioporus"," 97.0000"," 1.00"," 2.50"," 2.60","Aqu","Noc","Lar"
"3472","Anura","Limnodynastidae","Limnodynastes"," 72.8000"," 1.00"," 1.50"," 1.50","Arb","Noc","Lar"
"3479","Anura","Limnodynastidae","Neobatrachus"," 62.2000"," 1.00"," 1.60"," 1.60","Aqu","Noc","Lar"
"3482","Anura","Limnodynastidae","Neobatrachus"," 40.0000"," 1.00"," 2.20"," 2.20","Aqu","Noc","Lar"
"3493","Anura","Limnodynastidae","Philoria"," 28.0000"," 1.00"," 3.10"," 3.10","Arb","Crepu","Lar"
"3494","Anura","Limnodynastidae","Philoria"," 37.0000"," 1.00"," 3.10"," 3.25","Arb","Diu","Lar"
"3495","Anura","Limnodynastidae","Platyplectrum"," 45.0000"," 1.00"," 1.20"," 1.20","Aqu","Noc","Lar"
"3496","Anura","Limnodynastidae","Platyplectrum"," 50.0000"," 1.00"," 1.35"," 1.35","Ter","Noc","Lar"
"3497","Anura","Mantellidae","Boophis"," 93.0000"," 1.00"," 2.00"," 2.50","Arb","Noc","Lar"
"3513","Anura","Mantellidae","Boophis"," 52.4000"," 1.00"," 0.90"," 1.60","Arb","Noc","Lar"
"3519","Anura","Mantellidae","Boophis"," 80.0000"," 1.00"," 2.00"," 2.00","Arb","Noc","Lar"
"3537","Anura","Mantellidae","Boophis"," 37.7000"," 1.00"," 1.70"," 1.70","Arb","Noc","Lar"
"3548","Anura","Mantellidae","Boophis"," 34.0000"," 1.00"," 2.00"," 2.00","Arb","Noc","Lar"
"3576","Anura","Mantellidae","Blommersia"," 20.3000"," 1.00"," 1.30"," 1.70","Arb","Crepu","Lar"
"3619","Anura","Mantellidae","Guibemantis"," 29.0000"," 1.00"," 1.90"," 1.90","Arb","Crepu","Lar"
"3620","Anura","Mantellidae","Guibemantis"," 45.0000"," 1.00"," 2.30"," 3.00","Arb","Noc","Lar"
"3628","Anura","Mantellidae","Mantella"," 31.0000"," 1.00"," 1.80"," 1.80","Aqu","Diu","Lar"
"3703","Anura","Megophryidae","Leptobrachium"," 86.1000"," 1.00"," 3.00"," 3.00","Aqu","Noc","Lar"
"3744","Anura","Megophryidae","Leptolalax"," 32.7000"," 1.00"," 1.40"," 1.60","Ter","Noc","Lar"
"3763","Anura","Megophryidae","Ophryophryne"," 47.3000"," 1.00"," 1.80"," 1.80","Arb","Noc","Lar"
"3766","Anura","Megophryidae","Oreolalax"," 58.4000"," 1.00"," 3.00"," 4.00","Arb","Noc","Lar"
"3815","Anura","Megophryidae","Xenophrys","100.0000"," 1.00"," 2.30"," 2.30","Arb","Crepu","Lar"
"3857","Anura","Microhylidae","Arcovomer"," 25.6000"," 1.00"," 1.40"," 1.80","Aqu","Noc","Lar"
"3863","Anura","Microhylidae","Myersiella"," 40.0000"," 1.00"," 2.20"," 4.00","Aqu","Noc","Dir"
"3868","Anura","Microhylidae","Synapturanus"," 42.0000"," 1.00"," 4.00"," 4.90","Aqu","Noc","Lar"
"3870","Anura","Microhylidae","Synapturanus"," 35.0000"," 1.00"," 4.00"," 4.00","Aqu","Noc","Lar"
"3871","Anura","Microhylidae","Syncope"," 14.0000"," 1.00"," 1.20"," 2.00","Arb","Noc","Dir"
"3984","Anura","Microhylidae","Cophixalus"," 33.1000"," 1.00"," 3.00"," 4.00","Arb","Noc","Dir"
"4018","Anura","Microhylidae","Hylophorbus"," 42.0000"," 1.00"," 5.40"," 5.40","Aqu","Noc","Dir"
"4027","Anura","Microhylidae","Liophryne"," 43.0000"," 1.00"," 2.50"," 2.50","Aqu","Noc","Dir"
"4152","Anura","Microhylidae","Plethodontohyla"," 34.4000"," 1.00"," 3.00"," 3.00","Arb","Noc","Lar"
"4187","Anura","Microhylidae","Chiasmocleis"," 29.9000"," 1.00"," 1.00"," 1.00","Aqu","Noc","Lar"
"4204","Anura","Microhylidae","Chiasmocleis"," 32.0000"," 1.00"," 1.00"," 1.00","Aqu","Noc","Lar"
"4206","Anura","Microhylidae","Chiasmocleis"," 34.0000"," 1.00"," 1.50"," 2.00","Aqu","Noc","Lar"
"4207","Anura","Microhylidae","Ctenophryne"," 54.0000"," 1.00"," 1.00"," 2.00","Aqu","Crepu","Lar"
"4211","Anura","Microhylidae","Elachistocleis"," 43.0000"," 1.00"," 1.00"," 1.10","Aqu","Noc","Lar"
"4215","Anura","Microhylidae","Elachistocleis"," 37.6000"," 1.00"," 2.50"," 2.50","Aqu","Noc","Lar"
"4224","Anura","Microhylidae","Gastrophryne"," 38.0000"," 1.00"," 1.20"," 1.20","Aqu","Noc","Lar"
"4226","Anura","Microhylidae","Gastrophryne"," 41.0000"," 1.00"," 0.90"," 0.90","Aqu","Noc","Lar"
"4229","Anura","Microhylidae","Hamptophryne"," 44.0000"," 1.00"," 1.00"," 1.50","Aqu","Noc","Lar"
"4272","Anura","Microhylidae","Kaloula"," 70.0000"," 1.00"," 1.30"," 1.30","Ter","Noc","Lar"
"4281","Anura","Microhylidae","Microhyla"," 22.6000"," 1.00"," 1.00"," 1.00","Aqu","Noc","Lar"
"4291","Anura","Microhylidae","Microhyla"," 30.4000"," 1.00"," 0.70"," 1.20","Aqu","Noc","Lar"
"4295","Anura","Microhylidae","Microhyla"," 23.1000"," 1.00"," 1.10"," 1.10","Ter","Noc","Lar"
"4326","Anura","Microhylidae","Otophryne"," 48.0000"," 1.00"," 4.50"," 4.50","Aqu","Diu","Lar"
"4329","Anura","Microhylidae","Phrynomantis"," 75.0000"," 1.00"," 1.30"," 1.30","Aqu","Noc","Lar"
"4330","Anura","Microhylidae","Phrynomantis"," 62.0000"," 1.00"," 1.60"," 3.00","Arb","Crepu","Lar"
"4332","Anura","Microhylidae","Paradoxophyla"," 25.6000"," 1.00"," 1.00"," 1.00","Aqu","Noc","Lar"
"4336","Anura","Microhylidae","Scaphiophryne"," 33.0000"," 1.00"," 1.00"," 1.00","Aqu","Noc","Lar"
"4341","Anura","Microhylidae","Scaphiophryne"," 48.3000"," 1.00"," 1.40"," 1.70","Arb","Noc","Lar"
"4342","Anura","Myobatrachidae","Arenophryne"," 33.0000"," 1.00"," 5.00"," 6.00","Aqu","Noc","Dir"
"4344","Anura","Myobatrachidae","Assa"," 30.0000"," 1.00"," 2.50"," 2.50","Aqu","Crepu","Lar"
"4348","Anura","Myobatrachidae","Crinia"," 45.0000"," 1.00"," 2.24"," 2.24","Aqu","Noc","Lar"
"4356","Anura","Myobatrachidae","Crinia"," 32.0000"," 1.00"," 1.50"," 1.62","Aqu","Noc","Lar"
"4371","Anura","Myobatrachidae","Mixophyes","104.0000"," 1.00"," 3.80"," 3.80","Ter","Noc","Lar"
"4373","Anura","Myobatrachidae","Mixophyes"," 80.0000"," 1.00"," 2.50"," 4.50","Aqu","Noc","Lar"
"4376","Anura","Myobatrachidae","Mixophyes"," 90.0000"," 1.00"," 2.65"," 2.65","Aqu","Noc","Lar"
"4380","Anura","Myobatrachidae","Pseudophryne"," 36.0000"," 1.00"," 2.05"," 2.10","Aqu","Noc","Lar"
"4384","Anura","Myobatrachidae","Pseudophryne"," 35.0000"," 1.00"," 2.20"," 2.20","Aqu","Noc","Lar"
"4391","Anura","Myobatrachidae","Pseudophryne"," 30.0000"," 1.00"," 2.30"," 2.30","Aqu","Noc","Lar"
"4392","Anura","Myobatrachidae","Rheobatrachus"," 54.0000"," 1.00"," 4.70"," 5.10","Aqu","Noc","Dir"
"4394","Anura","Myobatrachidae","Spicospina"," 35.0000"," 1.00"," 2.30"," 2.90","Aqu","Noc","Lar"
"4395","Anura","Myobatrachidae","Taudactylus"," 30.0000"," 1.00"," 2.20"," 2.70","Aqu","Diu","Lar"
"4396","Anura","Myobatrachidae","Taudactylus"," 30.0000"," 1.00"," 2.20"," 2.20","Aqu","Diu","Lar"
"4397","Anura","Myobatrachidae","Taudactylus"," 30.0000"," 1.00"," 2.20"," 2.60","Aqu","Noc","Lar"
"4411","Anura","Myobatrachidae","Uperoleia"," 32.0000"," 1.00"," 1.30"," 1.30","Aqu","Noc","Lar"
"4445","Anura","Pelobatidae","Pelobates","110.0000"," 1.00"," 2.00"," 2.00","Aqu","Noc","Lar"
"4446","Anura","Pelobatidae","Pelobates"," 80.0000"," 1.00"," 1.70"," 2.00","Aqu","Noc","Lar"
"4447","Anura","Pelobatidae","Pelobates"," 90.0000"," 1.00"," 1.40"," 1.70","Aqu","Noc","Lar"
"4448","Anura","Pelobatidae","Pelobates"," 70.0000"," 1.00"," 1.15"," 2.00","Aqu","Noc","Lar"
"4450","Anura","Pelodytidae","Pelodytes"," 40.7200"," 1.00"," 1.00"," 1.45","Aqu","Noc","Lar"
"4451","Anura","Pelodytidae","Pelodytes"," 50.0000"," 2.00"," 2.00"," 2.00","Aqu","Noc","Lar"
"4456","Anura","Petropedetidae","Conraua","320.0000"," 1.00"," 3.40"," 3.50","Aqu","Noc","Lar"
"4522","Anura","Phrynobatrachidae","Phrynobatrachus"," 40.0000"," 1.00"," 1.00"," 2.50","Aqu","Noc","Lar"
"4530","Anura","Phrynobatrachidae","Phrynobatrachus"," 23.0000"," 1.00"," 1.20"," 1.20","Aqu","Noc","Lar"
"4544","Anura","Phrynobatrachidae","Phrynobatrachus"," 20.5000"," 1.00"," 3.20"," 3.20","Aqu","Diu","Dir"
"4552","Anura","Pipidae","Hymenochirus"," 35.0000"," 1.00"," 0.90"," 0.90","Arb","Crepu","Lar"
"4556","Anura","Pipidae","Pipa"," 57.0000"," 1.00"," 1.00"," 1.00","Aqu","Noc","Dir"
"4561","Anura","Pipidae","Pipa","171.0000"," 1.00"," 6.00"," 6.00","Aqu","Noc","Dir"
"4574","Anura","Pipidae","Xenopus","147.0000"," 1.00"," 1.00"," 1.40","Arb","Noc","Lar"
"4586","Anura","Ptychadenidae","Hildebrandtia"," 70.0000"," 1.00"," 3.30"," 3.30","Aqu","Noc","Lar"
"4612","Anura","Ptychadenidae","Ptychadena"," 72.0000"," 1.00"," 1.10"," 1.10","Arb","Noc","Lar"
"4634","Anura","Ptychadenidae","Ptychadena"," 60.0000"," 1.00"," 4.00"," 4.00","Arb","Noc","Lar"
"4639","Anura","Pyxicephalidae","Amietia","110.0000"," 1.00"," 1.50"," 1.50","Aqu","Diu","Lar"
"4642","Anura","Pyxicephalidae","Amietia","125.0000"," 1.00"," 1.50"," 1.50","Aqu","Diu","Lar"
"4690","Anura","Pyxicephalidae","Tomopterna"," 64.0000"," 1.00"," 1.50"," 1.50","Aqu","Noc","Lar"
"4703","Anura","Pyxicephalidae","Pyxicephalus","236.0000"," 1.00"," 2.00"," 2.00","Aqu","Diu","Lar"
"4714","Anura","Ranidae","Amolops"," 40.6000"," 1.00"," 3.30"," 3.60","Arb","Noc","Lar"
"4730","Anura","Ranidae","Amolops"," 75.0000"," 1.00"," 1.70"," 2.30","Arb","Crepu","Lar"
"4798","Anura","Ranidae","Hylarana"," 86.0000"," 1.00"," 1.70"," 1.70","Aqu","Noc","Lar"
"4802","Anura","Ranidae","Hylarana"," 63.5000"," 1.00"," 1.00"," 1.30","Arb","Noc","Lar"
"4822","Anura","Ranidae","Hylarana"," 75.0000"," 1.00"," 0.70"," 1.00","Aqu","Noc","Lar"
"4853","Anura","Ranidae","Hylarana"," 40.0000"," 1.00"," 1.20"," 1.20","Aqu","Diu","Lar"
"4854","Anura","Ranidae","Hylarana"," 79.4000"," 1.00"," 1.30"," 2.50","Aqu","Crepu","Lar"
"4859","Anura","Ranidae","Lithobates","110.0000"," 1.00"," 2.00"," 3.00","Aqu","Noc","Lar"
"4865","Anura","Ranidae","Lithobates","203.0000"," 1.00"," 1.70"," 2.50","Aqu","Noc","Lar"
"4868","Anura","Ranidae","Lithobates"," 87.0000"," 1.00"," 1.50"," 1.50","Aqu","Noc","Lar"
"4887","Anura","Ranidae","Lithobates","126.0000"," 1.00"," 2.00"," 2.00","Aqu","Noc","Lar"
"4893","Anura","Ranidae","Lithobates"," 76.0000"," 1.00"," 1.70"," 1.70","Aqu","Noc","Lar"
"4894","Anura","Ranidae","Lithobates","105.0000"," 1.00"," 1.70"," 2.20","Aqu","Diu","Lar"
"4903","Anura","Ranidae","Lithobates"," 92.0000"," 1.00"," 2.50"," 2.50","Aqu","Noc","Lar"
"4909","Anura","Ranidae","Meristogenys"," 88.7000"," 1.00"," 1.30"," 1.30","Aqu","Noc","Lar"
"4910","Anura","Ranidae","Meristogenys"," 92.8000"," 1.00"," 2.50"," 2.50","Arb","Noc","Lar"
"4936","Anura","Ranidae","Odorrana","100.0000"," 2.00"," 1.90"," 1.90","Arb","Noc","Lar"
"4964","Anura","Ranidae","Odorrana"," 60.0000"," 1.00"," 2.50"," 3.30","Arb","Noc","Lar"
"4973","Anura","Ranidae","Pelophylax"," 80.0000"," 1.00"," 7.00"," 7.00","Aqu","Noc","Lar"
"4984","Anura","Ranidae","Pelophylax","120.0000"," 1.00"," 2.00"," 2.00","Arb","Noc","Lar"
"4985","Anura","Ranidae","Pelophylax"," 90.8000"," 1.00"," 2.20"," 2.20","Aqu","Diu","Lar"
"4986","Anura","Ranidae","Pelophylax"," 86.0000"," 1.00"," 2.00"," 2.00","Aqu","Noc","Lar"
"4989","Anura","Ranidae","Pelophylax","105.6000"," 1.00"," 1.90"," 2.00","Aqu","Noc","Lar"
"5010","Anura","Ranidae","Rana"," 95.0000"," 1.00"," 2.00"," 3.00","Arb","Noc","Lar"
"5013","Anura","Ranidae","Rana"," 80.0000"," 1.00"," 2.80"," 3.50","Arb","Noc","Lar"
"5016","Anura","Ranidae","Rana"," 70.0000"," 1.00"," 0.40"," 0.40","Arb","Noc","Lar"
"5022","Anura","Ranidae","Rana"," 75.0000"," 1.00"," 1.80"," 1.80","Arb","Noc","Lar"
"5024","Anura","Ranidae","Rana"," 90.0000"," 1.00"," 2.10"," 2.10","Aqu","Noc","Lar"
"5032","Anura","Ranidae","Rana","100.0000"," 1.00"," 2.20"," 2.20","Aqu","Diu","Lar"
"5034","Anura","Ranidae","Rana"," 50.0000"," 1.00"," 3.20"," 3.20","Arb","Noc","Lar"
"5041","Anura","Ranidae","Rana","110.0000"," 1.00"," 1.70"," 3.00","Arb","Noc","Lar"
"5057","Anura","Ranixalidae","Indirana"," 45.0000"," 1.00"," 4.50"," 4.50","Aqu","Noc","Lar"
"5062","Anura","Rhacophoridae","Buergeria"," 76.0000"," 1.00"," 2.00"," 2.80","Arb","Noc","Lar"
"5073","Anura","Rhacophoridae","Chiromantis"," 53.0000"," 1.00"," 1.00"," 1.00","Arb","Noc","Lar"
"5081","Anura","Rhacophoridae","Chiromantis"," 90.0000"," 1.00"," 1.80"," 2.00","Arb","Noc","Lar"
"5096","Anura","Rhacophoridae","Kurixalus"," 44.0000"," 1.00"," 1.90"," 3.00","Arb","Noc","Lar"
"5138","Anura","Rhacophoridae","Philautus"," 37.0000"," 1.00"," 1.00"," 3.00","Arb","Noc","Dir"
"5325","Anura","Rhacophoridae","Rhacophorus"," 81.6000"," 1.00"," 3.00"," 3.00","Arb","Diu","Lar"
"5339","Anura","Rhacophoridae","Rhacophorus"," 80.0000"," 1.00"," 3.30"," 3.30","Arb","Noc","Lar"
"5383","Anura","Rhinophrynidae","Rhinophrynus"," 89.0000"," 1.00"," 4.50"," 4.50","Fos","Noc","Lar"
"5384","Anura","Scaphiopodidae","Scaphiopus"," 80.0000"," 1.00"," 1.50"," 1.50","Aqu","Noc","Lar"
"5385","Anura","Scaphiopodidae","Scaphiopus"," 71.0000"," 1.00"," 1.70"," 1.70","Aqu","Noc","Lar"
"5386","Anura","Scaphiopodidae","Scaphiopus"," 83.0000"," 1.00"," 2.30"," 2.30","Aqu","Noc","Lar"
"5388","Anura","Scaphiopodidae","Spea"," 61.0000"," 1.00"," 1.60"," 1.60","Arb","Noc","Lar"
"5441","Anura","Strabomantidae","Psychrophrynella"," 33.4000"," 1.00"," 5.00"," 5.00","Ter","Noc","Dir"
"5457","Anura","Strabomantidae","Hypodactylus"," 30.5000"," 1.00"," 2.50"," 2.50","Ter","Noc","Dir"
"5475","Anura","Strabomantidae","Oreobates"," 63.0000"," 1.00"," 4.00"," 4.10","Aqu","Noc","Dir"
"5511","Anura","Strabomantidae","Pristimantis"," 34.0000"," 1.00"," 2.40"," 2.40","Arb","Crepu","Dir"
"5521","Anura","Strabomantidae","Pristimantis"," 34.0000"," 1.00"," 2.30"," 3.10","Arb","Noc","Dir"
"5592","Anura","Strabomantidae","Pristimantis"," 49.0000"," 1.00"," 3.90"," 3.90","Arb","Noc","Dir"
"5619","Anura","Strabomantidae","Pristimantis","108.0000"," 1.00"," 3.00"," 3.90","Arb","Noc","Dir"
"5644","Anura","Strabomantidae","Pristimantis"," 55.0000"," 2.00"," 2.50"," 2.50","Arb","Noc","Dir"
"5694","Anura","Strabomantidae","Pristimantis"," 34.0000"," 1.00"," 2.50"," 4.50","Arb","Noc","Dir"
"5696","Anura","Strabomantidae","Pristimantis"," 46.0000"," 1.00"," 3.20"," 3.20","Arb","Noc","Dir"
"5700","Anura","Strabomantidae","Pristimantis"," 53.4000"," 1.00"," 2.40"," 2.40","Arb","Noc","Dir"
"5727","Anura","Strabomantidae","Pristimantis"," 25.0000"," 1.00"," 2.00"," 3.70","Arb","Noc","Dir"
"5758","Anura","Strabomantidae","Pristimantis"," 29.5000"," 1.00"," 2.80"," 3.50","Arb","Noc","Dir"
"5780","Anura","Strabomantidae","Pristimantis"," 21.0000"," 1.00"," 2.00"," 2.00","Arb","Noc","Dir"
"5788","Anura","Strabomantidae","Pristimantis"," 46.0000"," 1.00"," 3.50"," 3.50","Arb","Noc","Dir"
"5809","Anura","Strabomantidae","Pristimantis"," 23.0000"," 1.00"," 3.00"," 3.50","Arb","Noc","Dir"
"5817","Anura","Strabomantidae","Pristimantis"," 31.2000"," 1.00"," 3.00"," 3.00","Arb","Noc","Dir"
"5880","Anura","Strabomantidae","Pristimantis"," 54.0000"," 1.00"," 2.50"," 2.50","Arb","Noc","Dir"
"5912","Anura","Strabomantidae","Pristimantis"," 27.0000"," 1.00"," 3.00"," 4.00","Ter","Noc","Dir"
"5945","Anura","Strabomantidae","Strabomantis","100.0000"," 1.00"," 8.40"," 8.40","Ter","Noc","Dir"
"5957","Anura","Strabomantidae","Strabomantis"," 59.7000"," 1.00"," 2.50"," 2.50","Ter","Noc","Dir"
"5985","Caudata","Ambystomatidae","Ambystoma","210.0000"," 1.00"," 2.00"," 2.50","Arb","Diu","Lar"
"5991","Caudata","Ambystomatidae","Ambystoma","248.0000"," 1.00"," 2.00"," 2.80","Aqu","Diu","Lar"
"6000","Caudata","Ambystomatidae","Ambystoma","122.0000"," 1.00"," 4.00"," 4.00","Aqu","Diu","Lar"
"6071","Caudata","Plethodontidae","Batrachoseps","120.0000"," 1.00"," 4.00"," 5.00","Aqu","Noc","Dir"
"6354","Caudata","Plethodontidae","Aneides","140.0000"," 2.00"," 4.50"," 4.50","Arb","Noc","Dir"
"6362","Caudata","Plethodontidae","Atylodes","115.0000"," 1.00"," 5.50"," 5.50","Ter","Noc","Dir"
"6372","Caudata","Plethodontidae","Desmognathus"," 87.0000"," 1.00"," 3.50"," 3.50","Aqu","Noc","Lar"
"6412","Caudata","Plethodontidae","Plethodon","184.0000"," 1.00"," 4.00"," 5.00","Aqu","Noc","Dir"
"6418","Caudata","Plethodontidae","Plethodon","137.0000"," 1.00"," 4.00"," 5.00","Arb","Diu","Dir"
"6424","Caudata","Plethodontidae","Plethodon","159.0000"," 1.00"," 4.00"," 5.00","Aqu","Diu","Dir"
"6426","Caudata","Plethodontidae","Plethodon","171.0000"," 1.00"," 4.00"," 5.00","Aqu","Noc","Dir"
"6427","Caudata","Plethodontidae","Plethodon","143.0000"," 1.00"," 4.00"," 5.00","Aqu","Noc","Dir"
"6435","Caudata","Plethodontidae","Plethodon","180.0000"," 1.00"," 4.00"," 5.00","Aqu","Noc","Dir"
"6445","Caudata","Plethodontidae","Speleomantes","125.0000"," 1.00"," 5.00"," 5.00","Aqu","Noc","Dir"
"6446","Caudata","Plethodontidae","Speleomantes","150.0000"," 1.00"," 6.50"," 6.50","Ter","Noc","Dir"
"6447","Caudata","Plethodontidae","Speleomantes","125.0000"," 1.00"," 6.50"," 6.50","Aqu","Noc","Dir"
"6448","Caudata","Plethodontidae","Speleomantes","125.0000"," 1.00"," 6.50"," 6.50","Aqu","Noc","Dir"
"6450","Caudata","Plethodontidae","Speleomantes"," 63.5875"," 1.00"," 6.50"," 6.50","Aqu","Noc","Dir"
"6451","Caudata","Plethodontidae","Speleomantes","135.0000"," 1.00"," 6.50"," 6.50","Aqu","Noc","Dir"
"6460","Caudata","Plethodontidae","Eurycea","200.0000"," 1.00"," 2.50"," 3.00","Aqu","Noc","Lar"
"6467","Caudata","Plethodontidae","Eurycea"," 90.0000"," 1.00"," 1.80"," 1.80","Aqu","Diu","Lar"
"6491","Caudata","Proteidae","Necturus","486.0000"," 1.00"," 5.00"," 6.00","Aqu","Noc","Lar"
"6493","Caudata","Proteidae","Proteus","250.0000"," 0.08"," 4.00"," 5.00","Aqu","Noc","Lar"
"6499","Caudata","Salamandridae","Calotriton","160.0000"," 1.00"," 3.50"," 5.00","Aqu","Noc","Lar"
"6503","Caudata","Salamandridae","Echinotriton","140.0000"," 1.00"," 3.20"," 3.80","Arb","Noc","Lar"
"6504","Caudata","Salamandridae","Euproctus","130.0000"," 1.00"," 2.50"," 2.50","Aqu","Noc","Lar"
"6505","Caudata","Salamandridae","Euproctus","150.0000"," 1.00"," 3.00"," 3.00","Aqu","Diu","Lar"
"6514","Caudata","Salamandridae","Lissotriton","100.0000"," 1.00"," 2.00"," 2.00","Aqu","Noc","Lar"
"6516","Caudata","Salamandridae","Lissotriton"," 95.0000"," 1.00"," 1.50"," 1.50","Aqu","Noc","Lar"
"6517","Caudata","Salamandridae","Lissotriton"," 80.0000"," 1.00"," 1.50"," 1.50","Ter","Noc","Lar"
"6523","Caudata","Salamandridae","Lissotriton","110.0000"," 1.00"," 1.50"," 1.50","Ter","Noc","Lar"
"6542","Caudata","Salamandridae","Paramesotriton","143.0000"," 1.00"," 2.90"," 2.90","Aqu","Noc","Lar"
"6548","Caudata","Salamandridae","Pleurodeles","300.0000"," 1.00"," 1.70"," 2.00","Aqu","Noc","Lar"
"6554","Caudata","Salamandridae","Triturus","150.0000"," 1.00"," 2.00"," 2.00","Aqu","Noc","Lar"
"6555","Caudata","Salamandridae","Triturus","150.0000"," 1.00"," 2.00"," 2.00","Aqu","Noc","Lar"
"6557","Caudata","Salamandridae","Triturus","160.0000"," 1.00"," 1.90"," 1.90","Ter","Noc","Lar"
"6559","Caudata","Salamandridae","Triturus","160.0000"," 1.00"," 2.00"," 2.00","Aqu","Noc","Lar"
"6563","Caudata","Salamandridae","Tylototriton","210.0000"," 1.00"," 2.30"," 3.40","Aqu","Crepu","Lar"
"6566","Caudata","Salamandridae","Tylototriton","165.0000"," 1.00"," 2.50"," 2.50","Aqu","Noc","Lar"
"6569","Caudata","Salamandridae","Chioglossa","160.0000"," 1.00"," 5.00"," 5.00","Aqu","Noc","Lar"
"6575","Caudata","Salamandridae","Lyciasalamandra","140.0000"," 1.00"," 5.00"," 5.00","Aqu","Noc","Viv"
"6576","Caudata","Salamandridae","Lyciasalamandra","181.0000"," 1.00"," 7.00"," 7.00","Aqu","Noc","Viv"
"6578","Caudata","Salamandridae","Salamandra","226.0000"," 1.00"," 3.10"," 4.40","Aqu","Noc","Viv"
"6585","Caudata","Salamandridae","Salamandrina"," 85.0000"," 1.00"," 1.50"," 3.70","Ter","Crepu","Lar"
"6586","Caudata","Salamandridae","Salamandrina","115.0000"," 1.00"," 1.50"," 1.80","Aqu","Noc","Lar"
"6596","Gymnophiona","Caeciliidae","Boulengerula","420.0000"," 1.00"," 2.00"," 5.00","Aqu","Noc","Dir"
"6659","Gymnophiona","Caeciliidae","Gymnopis","480.0000"," 0.50"," 2.00"," 2.00","Aqu","Noc","Viv"
"6691","Gymnophiona","Caeciliidae","Siphonops","454.0000"," 1.00"," 8.00","10.00","Aqu","Noc","Dir"
"6714","Gymnophiona","Caeciliidae","Typhlonectes","800.0000"," 1.00"," 3.00","25.00","Aqu","Noc","Viv"
